destination_index,similarity_score
8,0.8504060624392515
79,0.5897008238646524
53,0.44509571942362547
